id,name,host_id,host_name,neighbourhood_group,neighbourhood,latitude,longitude,room_type,price,minimum_nights,number_of_reviews,last_review,reviews_per_month,calculated_host_listings_count,availability_365
40182247,3 bdrm; free internet in pilsen/southloop,306943744,Joe,,Lower West Side,41.85974,-87.65797,Entire home/apt,200,1,1,2020-02-17,0.14,8,365
45438479,English Lavender Room,258297883,Darkhan,,Humboldt Park,41.88866,-87.71965,Private room,44,1,0,,,3,1
39793384,ROWULA HOUSE - WARM AFRICAN HOSPITALITY IN CHICAGO,13784535,Omar,,South Chicago,41.73711,-87.54816,Private room,45,1,1,2020-08-31,1.0,1,357
35942729,Spacious Sedgwick Condo - Steps to Old Town,200416010,Saul,,Near North Side,41.91054,-87.63743,Entire home/apt,255,3,11,2020-09-07,1.09,6,342
1468342,Quaint Serenity in Bronzeville,4081052,Suzetta,,Grand Boulevard,41.81266,-87.61586,Private room,55,2,123,2020-02-16,1.42,1,364
38870766,"Free parking, 2 blocks from train, 2 bedroom aprtm",59484991,Jady And,,South Lawndale,41.85177,-87.70175,Entire home/apt,67,1,43,2020-09-12,3.66,1,177
15257492,ËÆ©‰Ω†ÊúâÂ¶ÇÂêåÂõûÂÆ∂ÁöÑÊÑüËßâ,96810944,Lin & Peter,,Avondale,41.93574,-87.73037,Private room,30,1,26,2020-07-04,0.54,3,266
3308694,"""The Annex II"" Huge 1,600 Sq foot Apartment",16707041,Matthew,,Near West Side,41.8867,-87.64338,Entire home/apt,299,2,38,2020-02-16,0.78,2,361
41901706,"Loft apt, easy access to many Chicago hot spots!",94999642,Sarah,,Humboldt Park,41.89845,-87.70402,Entire home/apt,99,1,6,2020-09-05,0.83,1,1
4503332,Near The Loop and McCormick Place,20059524,(Email hidden by Airbnb),,Armour Square,41.85586,-87.63569,Entire home/apt,100,1,86,2020-03-15,1.33,3,0
9825135,Alewyfe Farm Urban Garden Oasis- free parking!,50604047,Carla,,North Lawndale,41.85687,-87.6949,Entire home/apt,59,9,105,2020-07-01,1.97,1,10
36700170,Floral Staycationüåª,46771116,Vladimir,,Humboldt Park,41.90217,-87.71075,Entire home/apt,151,2,41,2020-09-07,2.92,4,82
40668669,Charming Suite Close to the California Blue line!,65595672,Mackenzie,,Logan Square,41.92419,-87.69849,Entire home/apt,54,3,15,2020-09-20,1.7,1,0
40312719,Relaxing Lincoln Park Getaway Condo,43297766,Lindsay,,Lincoln Park,41.92218,-87.64453,Entire home/apt,78,45,1,2019-12-31,0.11,1,140
42324385,Comfy Private Room at University of Chicago,336504529,Don,,Woodlawn,41.78436,-87.6052,Private room,55,1,13,2020-08-30,1.88,7,9
30396840,"Cozy Gold Coast 1BR w/ Gym, Pool, walk to Mag Mile by Blueground",107434423,Blueground,,Near North Side,41.8989,-87.62797,Entire home/apt,139,30,0,,,205,301
39226339,4B|2.5B Chicago Townhome,18670260,Ken,,Lake View,41.94042,-87.67297,Entire home/apt,484,2,3,2019-12-08,0.28,1,0
40964912,"Bright Loop 1BR w/ Gym, Roofdeck, nr. Financial District, by Blueground",107434423,Blueground,,Loop,41.87711,-87.63385,Entire home/apt,112,30,0,,,205,360
32964420,Old Town Beauty w/ Perfect Location,18751679,Seamus,,Near North Side,41.91028,-87.63683,Entire home/apt,140,2,3,2019-11-11,0.24,1,0
16749331,Cozy Unique Large Private Room Lincoln Square,26790353,Jill K,,Lincoln Square,41.9681,-87.69026,Private room,43,2,32,2020-02-09,0.82,1,342
29053143,"Sunny, Cozy, Colorful  Andersonville",218940261,Lida,,Uptown,41.97397,-87.67147,Entire home/apt,91,1,71,2020-09-13,3.19,1,129
35327978,Dreamy Streeterville Convertible w/ Gym + Pool by Blueground,107434423,Blueground,,Near North Side,41.89063,-87.61903,Entire home/apt,144,30,0,,,205,323
41266450,Mindful Pad - 5 minutes away from Midway,256520638,Mateusz,,Clearing,41.77503,-87.79175,Entire home/apt,79,2,3,2020-04-21,0.4,1,77
22730148,"Modern, Spacious, New apt. Private entrance.",145776020,Levi,,West Ridge,42.0038,-87.69745,Entire home/apt,58,2,65,2020-03-07,2.04,1,89
41910293,"Hip Loop 1BR w/ Gym, Pool, W/D, nr. Financial District, by Blueground",107434423,Blueground,,Loop,41.88608,-87.63422,Entire home/apt,112,30,0,,,205,365
29919180,R2 Lincoln Park Historic Landmark 1 Bedroom,23612069,Tj,,Lincoln Park,41.92914,-87.64067,Entire home/apt,82,1,109,2020-09-13,4.86,15,87
45268016,Luxury West Loop 3 bd 2 ba condo overlooking park,1521888,Megan,,Near West Side,41.87973,-87.64831,Entire home/apt,150,30,0,,,1,260
6460914,Cozy cottage in Chicago - dog friendly.,8759336,Patrice,,West Ridge,42.00663,-87.68544,Entire home/apt,82,5,28,2019-12-29,0.44,1,0
39646102,Live like a local in Logan Square - Close to train,87601336,Jon,,Logan Square,41.92669,-87.69391,Private room,35,1,13,2020-03-16,1.2,6,0
40397617,Sonder | 1BR + Balcony Near Grant Park,12243051,Sonder,,Near South Side,41.86246,-87.62487,Entire home/apt,171,4,20,2020-06-30,2.25,47,168
30740972,CASTLE IN THE SKY - 10 Minutes to ALL FUN!,45284138,Kenny,,Lake View,41.93647,-87.6496,Private room,80,3,31,2020-07-26,1.68,2,89
7810018,East Lakeview 2 Br Penthouse w/ private balcony,173968333,Irena,,Lake View,41.94043,-87.65235,Entire home/apt,86,1,405,2020-09-04,6.59,4,325
38595025,"Spacious Gold Coast 2BR w/ Gym, Roof Deck, near Water Tower by Blueground",107434423,Blueground,,Near North Side,41.89861,-87.62068,Entire home/apt,140,30,1,2019-12-24,0.11,205,323
9115645,Spacious Kitschy Logan Square Retreat,4809843,Jessica & Nathan,,Logan Square,41.91676,-87.70682,Entire home/apt,95,2,88,2020-07-12,1.71,1,119
43938783,DownTown private sleeping PODS room in Hotel BnB-3,347797890,Azhar,,Near South Side,41.86582,-87.62329,Private room,59,1,0,,,15,90
41114355,Cozy and Comfy in Lakeview,226433030,Sam,,Lake View,41.94148,-87.64453,Entire home/apt,120,3,4,2020-09-07,0.63,1,166
41724109,Steps to UChicago | Easy Access + W&D | Zencity,47172572,Zencity,,Hyde Park,41.79621,-87.59732,Entire home/apt,69,1,29,2020-08-26,3.87,62,106
221109,1 Bedroom Apartment -Noble Square,1146738,Zeyna,,West Town,41.89273,-87.65654,Entire home/apt,99,20,112,2019-10-15,1.03,1,0
7070958,"Bright, spacious sanctuary duplex, modern hacienda",30226970,Irma,,West Town,41.89039,-87.68407,Entire home/apt,149,5,3,2017-10-11,0.07,1,38
30023762,ThePARADISE/8mMidway20mDowntownQuietArea.FreeWiffi,223534020,Fortino,,Brighton Park,41.81016,-87.71075,Entire home/apt,55,1,73,2020-09-14,3.25,4,344
33409131,4Dza Luxurious Stay - Two Bedroom Suite Chicago,22094147,Alexis & Bill,,East Garfield Park,41.87733,-87.70232,Private room,29,2,2,2019-10-04,0.15,14,229
25826424,Bucktown Home - Great Location!,194061478,Austin,,Logan Square,41.91733,-87.68412,Entire home/apt,509,2,38,2020-04-23,1.37,1,170
18509024,Entire Chicago House near Wrigley and Logan Square,5403537,Dustin,,Avondale,41.93326,-87.6917,Entire home/apt,111,2,125,2020-08-01,3.05,1,170
39551455,Luxurious Private Suite with Lake View,303686027,Viceroy,,Near North Side,41.90148,-87.62849,Private room,595,1,0,,,9,72
31472302,Modern 1-bedroom condo in Hip Logan Square,23662428,Sasha,,Logan Square,41.92913,-87.70483,Entire home/apt,142,2,6,2019-12-02,0.37,1,0
6419072,Unique and Cozy updated home,7430573,Melissa,,Irving Park,41.95576,-87.72881,Entire home/apt,69,6,8,2017-10-14,0.18,1,0
6716705,3BD/2BA (vs2) Perfect 4 Families/walk to shops,683529,Joe,,North Center,41.94072,-87.68115,Entire home/apt,233,2,32,2020-09-07,0.53,20,343
27426067,Hip Logan Square SPACIOUS & CLEAN 2 Bed Apt!,195467041,Melanie,,Logan Square,41.92707,-87.71388,Entire home/apt,115,1,55,2020-09-06,2.12,2,326
34537370,GOATHOTE | SPACIOUS/VINTAGE STYLE 2/1APT | CHICAGO,244000490,Goathote,,West Town,41.8954,-87.68575,Entire home/apt,80,1,44,2020-08-30,2.65,18,348
17920957,Logan Square Loft Studio Above Art Gallery,5228189,Matthew,,Logan Square,41.91414,-87.688,Entire home/apt,72,1,150,2020-08-11,3.71,14,109
28948832,Bright Spacious Bedroom with closet BB1,18714715,Aiste,,Near West Side,41.87976,-87.68795,Private room,35,32,5,2020-08-24,0.28,9,303
41659636,Crystals place,294869995,Nita,,Hyde Park,41.7959,-87.58261,Entire home/apt,200,1,0,,,1,89
40680627,KING BED CORNER UNIT in DOWNTOWN CHICAGO + BALCONY,33127842,Kari,,Loop,41.88774,-87.61929,Entire home/apt,155,32,0,,,26,365
3088192,Logan Square Apartment,15710890,Paul & Sarah,,Logan Square,41.93156,-87.71161,Entire home/apt,150,1,394,2020-03-15,5.18,1,320
38449270,Spacious and private.,293105500,Lorraine,,West Ridge,42.01886,-87.70368,Private room,48,1,0,,,1,179
36814026,"The Blue Room: Queer Host, Dog, Biker friendly!",25901089,Jaq,,Albany Park,41.97198,-87.7188,Private room,23,2,7,2020-08-29,0.5,2,122
15115673,Two blocks from Wrigley Field and the Metro.,21686213,Laura,,Lake View,41.94875,-87.66034,Private room,63,1,154,2020-08-09,3.25,1,179
14531526,Spacious Clean Chicago Three Bedroom w/Parking,85455802,Lou,,West Town,41.89286,-87.68706,Entire home/apt,282,2,111,2020-03-16,2.25,1,180
28405971,West Town Nook,52806890,Inez,,West Town,41.89692,-87.67126,Entire home/apt,75,2,76,2020-09-06,3.09,1,67
929914,Charming apartment in Old Town,5007980,Lynn,,Lincoln Park,41.91316,-87.63813,Entire home/apt,115,2,311,2020-09-07,3.42,1,254
18151380,"Super Nice, 1 Block from Red Line & Gated Parking!",27548128,Dina,,Uptown,41.95953,-87.65615,Entire home/apt,550,10,38,2019-08-05,0.92,1,0
21647029,Huge Duplex in Roscoe Village/Lakeview,157546882,Eleanor,,North Center,41.94666,-87.67508,Entire home/apt,198,3,118,2020-09-07,3.41,1,84
166667,Cozy Garden Studio,791089,Conrad,,North Center,41.94274,-87.67378,Entire home/apt,125,3,88,2019-10-19,0.79,4,365
20757313,WrigleyVilla - 1/2 Block From Wrigley Field!,127574066,Kit & Jo,,Lake View,41.95109,-87.65508,Entire home/apt,379,2,48,2019-10-13,1.31,1,90
13940726,"Lights, Camera, Action! Studio Space for Artists!",26957265,Beth,,West Town,41.89099,-87.68188,Entire home/apt,250,1,0,,,4,324
22152280,Entire Apartment Near (Francisco) Brown Line Train,50484261,Sofia,,Albany Park,41.96982,-87.70518,Entire home/apt,40,1,46,2019-10-20,1.38,2,42
39116213,Modern Suite Just Steps Away from Blue Line!,37421435,Elm,,West Town,41.89311,-87.6596,Entire home/apt,76,3,33,2020-09-15,3.49,1,89
39929071,Clean and Modern room is Brand New Condo,22126268,Dee,,West Town,41.89339,-87.66023,Private room,55,1,1,2019-12-27,0.11,1,84
34977420,"Steps to Shop, Eat, Train | Easy Access | Zencity",47172572,Zencity,,West Town,41.89663,-87.66047,Entire home/apt,59,1,44,2020-09-10,2.78,62,140
42323017,The Cozy Studio Apt - Book 6 Nights Get 1 FREE,248760412,Cloud9,,Near South Side,41.85314,-87.6223,Entire home/apt,99,2,4,2020-08-23,1.46,4,100
44180208,Best Deal 2BR Apt. For Short & Long Term Stay,353417156,Victoria And Alex,,Lake View,41.94392,-87.64616,Entire home/apt,200,1,0,,,10,263
15957773,Traveler's Dream - 1 bed in a shared bedroom,57387860,Freehand,,Near North Side,41.89235,-87.62732,Hotel room,31,7,12,2020-01-10,0.3,24,330
26707623,"Have an exciting stay in this modern studio, fast wifi",8534462,Barsala,,Near North Side,41.88982,-87.63407,Entire home/apt,179,2,16,2020-07-31,0.88,47,56
38839516,GOATHOTE | COOL/MODERN/STYLISH/ 3/1 APT | CHICAGO,244000490,Goathote,,Lincoln Square,41.97477,-87.68925,Entire home/apt,78,1,14,2020-08-21,1.18,18,357
19730133,Lincoln Park/DePaul Garden Suite/CLOSE TO EXIT,139094281,Lynne,,Lincoln Park,41.91673,-87.65495,Private room,59,1,141,2020-09-07,3.63,3,81
13414718,Spacious apartment with beautiful garden,32970178,Joanne,,Logan Square,41.92115,-87.70991,Entire home/apt,128,2,135,2020-03-16,2.59,1,0
2570620,"Basement Studio w/Free St. Parking, Humboldt Park",1214607,Coral,,Humboldt Park,41.89826,-87.70336,Entire home/apt,45,1,552,2020-09-19,7.16,2,147
1755737,"Lake View 2BR/2Bath w/ Pool, Gym. Annual lease.",9233414,Ravi,,Lake View,41.94036,-87.64068,Entire home/apt,155,365,0,,,1,363
3811926,The Blue Room,11231030,Erik,,West Lawn,41.78384,-87.72759,Private room,34,1,413,2020-09-06,5.54,2,360
40610780,"Private Rm,Queen,separate entrance,free park, apt",97870070,Daniel,,Near West Side,41.87079,-87.65727,Private room,30,1,5,2020-01-01,0.52,1,174
29385780,~ LAVISH CHICAGO RESIDENCE ~ FREE PARKING,94561128,Alex,,Albany Park,41.96523,-87.71074,Private room,71,32,24,2020-05-30,1.08,11,78
31443658,Gorgeous Humboldt Park Flat,1921252,Miranda & Marcos,,Humboldt Park,41.90166,-87.70863,Entire home/apt,90,30,17,2020-05-02,0.84,1,167
42395555,"1BR w/ Gym, Pool, W/D, nr. Millennium Park, by Blueground",107434423,Blueground,,Loop,41.88726,-87.62384,Entire home/apt,129,30,0,,,205,351
37380402,Quiet Oasis on the Lake,10921133,Steve And Phyll,,Rogers Park,42.01905,-87.66477,Entire home/apt,89,45,1,2019-12-20,0.11,2,227
10634388,THE ART OF CITY LIVING - Luxury River North  2 BD,3965428,Rob,,Near North Side,41.89625,-87.63626,Entire home/apt,250,60,4,2017-11-01,0.09,73,365
25244851,Comfort and Convenience in West Wicker Park,57277343,Rene,,West Town,41.90332,-87.68975,Entire home/apt,94,2,37,2019-10-09,1.38,1,0
44536657,Perfect Place,345300332,Aliaksandra,,Near West Side,41.87053,-87.6529,Entire home/apt,70,14,1,2020-08-20,0.91,27,120
17892626,Condo ON POINT in Logan Square! (literally),969882,Lindsay,,Logan Square,41.91965,-87.69708,Private room,78,2,38,2020-03-14,1.24,2,65
41399603,A beautiful getaway,325611999,Aaron,,South Shore,41.76557,-87.56608,Private room,40,6,0,,,1,365
20641086,2 Rooms & Private Bath Near Downtown Chicago,26928601,Idaima,,Lower West Side,41.85933,-87.66227,Private room,75,2,29,2018-10-09,0.81,1,0
34913110,Oasis 1 #2324 - 4 Bedroom Condo - McCormick Place,178710732,Annie,,Armour Square,41.85177,-87.6321,Entire home/apt,399,1,6,2019-11-14,0.41,19,355
43815872,Kasa | Chicago | Epic Studio South Loop Apartments,88566861,Kasa,,Loop,41.86964,-87.63025,Entire home/apt,166,2,4,2020-08-30,1.64,45,340
21252535,#5 Historic Chicago Home - Private Queen Bedroom,163699318,Natalie,,Rogers Park,42.01148,-87.66314,Private room,44,1,146,2020-09-07,4.07,7,11
14883494,The Compound a hidden oasis in Logan Square,1187822,Mark,,Logan Square,41.91973,-87.69599,Entire home/apt,195,3,26,2020-03-04,0.53,1,117
38541721,#1 LOCATION MONTHLY STAY TV WIFI + in unit Laundry,3965428,Rob,,Near North Side,41.89901,-87.62177,Entire home/apt,125,31,1,2020-03-17,0.16,73,365
16616242,1BR LUX in Loop. Excellent spot!,63313003,K,,Loop,41.88679,-87.6324,Entire home/apt,155,30,0,,,31,364
40068740,"CLEAN DOWNTOWN APARTMENT, SAFE AREA + FREE PARKING",55976787,Natalia,,Near West Side,41.87147,-87.66432,Private room,25,10,20,2020-04-17,1.93,11,158
24965357,Skylit Boho Retreat - Wicker Park NO PARTIES,1649647,Bianca,,West Town,41.91162,-87.66674,Entire home/apt,159,2,65,2020-09-06,2.28,5,87
42951283,"Bright Gold Coast 1BR w/ Gym, Lounge, nr. Oak St. Beach, by Blueground",107434423,Blueground,,Near North Side,41.8988,-87.62981,Entire home/apt,144,30,0,,,205,0
31209122,CHARMING COZY PRIVATE LAKEVIEW SUITE,17603361,Judith,,Lake View,41.93761,-87.65634,Entire home/apt,110,1,10,2019-11-11,0.61,1,4
